ping,t_s,track_id,confirmed,hits,misses,x_m,y_m,vx_mps,vy_mps
0,0.0,1,False,1,0,51.996165243217696,30.019999999999996,0.0,0.0
0,0.0,2,False,1,0,-30.0091809504487,-51.992528939438316,0.0,0.0
0,0.0,3,False,1,0,17.72050019595837,28.358728335470886,0.0,0.0
0,0.0,4,False,1,0,-33.37569366629205,91.69896470677207,0.0,0.0
0,0.0,5,False,1,0,47.5866984717523,8.390818863408205,0.0,0.0
1,1.0,1,False,2,0,52.11842651647342,30.090587579025655,0.047142184642748615,0.02721755299367728
1,1.0,2,False,2,0,-30.08379712214518,-52.118152870471675,-0.028770920257741334,-0.048438777011060315
1,1.0,3,False,1,1,17.72050019595837,28.358728335470886,0.0,0.0
1,1.0,4,False,1,1,-33.37569366629205,91.69896470677207,0.0,0.0
1,1.0,5,False,1,1,47.5866984717523,8.390818863408205,0.0,0.0
1,1.0,6,False,1,0,1.3192847341466267,-37.779371799306666,0.0,0.0
1,1.0,7,False,1,0,-2.670417756863301,-12.563327783824999,0.0,0.0
2,2.0,1,False,3,0,52.31161782011209,30.202126630186534,0.11382057822161654,0.06571434147556887
2,2.0,2,False,3,0,-30.19045810577721,-52.31106308491393,-0.06433145179164836,-0.11439688365469824
2,2.0,3,False,2,0,2.9992221720434014,32.92400346583848,-5.275739035838196,1.6360807924077536
2,2.0,4,False,1,2,-33.37569366629205,91.69896470677207,0.0,0.0
2,2.0,5,False,1,2,47.5866984717523,8.390818863408205,0.0,0.0
2,2.0,6,False,1,1,1.3192847341466267,-37.779371799306666,0.0,0.0
2,2.0,7,False,2,0,-3.3917207765784223,-14.30904068187996,-0.27812404724150624,-0.6731217300608321
2,2.0,8,False,1,0,-47.240388263719645,19.086355777178095,0.0,0.0
3,3.0,1,False,4,0,53.13879799142103,29.22957104365362,0.3902634493687961,-0.33663858502289956
3,3.0,2,False,4,0,-30.32358859203256,-52.52954137300071,-0.0909926235255105,-0.15473076652814705
3,3.0,3,False,2,1,-2.276516863794795,34.560084258246235,-5.275739035838196,1.6360807924077536
3,3.0,4,False,1,3,-33.37569366629205,91.69896470677207,0.0,0.0
3,3.0,5,False,2,0,20.07199310999046,3.043274995846007,-7.81984147105066,-1.5198034924967796
3,3.0,6,False,1,2,1.3192847341466267,-37.779371799306666,0.0,0.0
3,3.0,7,False,2,1,-3.6698448238199286,-14.982162411940791,-0.27812404724150624,-0.6731217300608321
3,3.0,8,False,1,1,-47.240388263719645,19.086355777178095,0.0,0.0
3,3.0,9,False,1,0,61.70089646212948,-51.773199464680374,0.0,0.0
3,3.0,10,False,1,0,62.347650393192225,-27.758962416637214,0.0,0.0
4,4.0,1,True,5,0,53.70158414371445,28.748746672372093,0.44563863272495624,-0.3829183743843731
4,4.0,2,True,5,0,-30.450477189444992,-52.75241969602411,-0.10251427315213707,-0.1766043134424215
4,4.0,3,False,2,2,-7.552255899632991,36.19616505065399,-5.275739035838196,1.6360807924077536
4,4.0,4,False,1,4,-33.37569366629205,91.69896470677207,0.0,0.0
4,4.0,5,False,2,1,12.252151638939798,1.5234715033492272,-7.81984147105066,-1.5198034924967796
4,4.0,6,False,1,3,1.3192847341466267,-37.779371799306666,0.0,0.0
4,4.0,7,False,3,0,-3.050972775066429,-10.168602230029414,0.030625982522701156,1.2154184890011572
4,4.0,8,False,1,2,-47.240388263719645,19.086355777178095,0.0,0.0
4,4.0,9,False,1,1,61.70089646212948,-51.773199464680374,0.0,0.0
4,4.0,10,False,1,1,62.347650393192225,-27.758962416637214,0.0,0.0
4,4.0,11,False,1,0,-3.2114796061615,-91.9647434149588,0.0,0.0
4,4.0,12,False,1,0,-61.74911649610764,-32.83258763774383,0.0,0.0
5,5.0,1,True,6,0,54.096603851968325,28.550438324432207,0.43186461678127847,-0.3326837739028476
5,5.0,2,True,6,0,-30.581731186255237,-52.97214918542392,-0.11033469636381149,-0.18833919061371307
5,5.0,3,False,2,3,-12.827994935471187,37.83224584306174,-5.275739035838196,1.6360807924077536
5,5.0,4,False,1,5,-33.37569366629205,91.69896470677207,0.0,0.0
5,5.0,5,False,3,0,2.5945767732027845,9.563197466252623,-8.248265393592185,0.7087739054955835
5,5.0,6,False,1,4,1.3192847341466267,-37.779371799306666,0.0,0.0
5,5.0,7,False,3,1,-3.020346792543728,-8.953183741028257,0.030625982522701156,1.2154184890011572
5,5.0,8,False,2,0,-63.90649849698195,41.437193319355345,-4.736606779888892,6.3522397942131565
5,5.0,9,False,1,2,61.70089646212948,-51.773199464680374,0.0,0.0
5,5.0,10,False,1,2,62.347650393192225,-27.758962416637214,0.0,0.0
5,5.0,11,False,1,1,-3.2114796061615,-91.9647434149588,0.0,0.0
5,5.0,12,False,2,0,-55.9112613743444,-34.35474077848942,2.250992785688889,-0.5869203101253272
6,6.0,1,True,7,0,54.406875955995716,28.504760413193484,0.40297862313515503,-0.26450153687566474
6,6.0,2,True,7,0,-30.710419965092118,-53.18655311732146,-0.11469496409485741,-0.19453123265693018
6,6.0,3,False,2,4,-18.10373397130938,39.468326635469495,-5.275739035838196,1.6360807924077536
6,6.0,4,False,2,0,3.487265379802686,72.83267865162394,5.9222955149208465,-3.0310025070940245
6,6.0,5,False,4,0,-3.726619320050159,6.411813756594032,-7.827572264149069,-0.13392634766967815
6,6.0,6,False,1,5,1.3192847341466267,-37.779371799306666,0.0,0.0
6,6.0,7,False,3,2,-2.989720810021027,-7.737765252027099,0.030625982522701156,1.2154184890011572
6,6.0,8,False,2,1,-68.64310527687084,47.7894331135685,-4.736606779888892,6.3522397942131565
6,6.0,9,False,2,0,48.97683609967801,-63.08258768047479,-3.616252967067158,-3.214194803081034
6,6.0,10,False,1,3,62.347650393192225,-27.758962416637214,0.0,0.0
6,6.0,11,False,1,2,-3.2114796061615,-91.9647434149588,0.0,0.0
6,6.0,12,False,2,1,-53.66026858865551,-34.94166108861475,2.250992785688889,-0.5869203101253272
7,7.0,1,True,8,0,54.670593055988746,28.541661472478662,0.3732604089377299,-0.20018264454797785
7,7.0,2,True,8,0,-30.83206403303922,-53.39959642289902,-0.11617789313441984,-0.19848168311791198
7,7.0,3,False,3,0,-31.897656906391795,23.66618763024133,-6.649063044976085,-1.175354861950672
7,7.0,4,False,2,1,9.409560894723533,69.8016761445299,5.9222955149208465,-3.0310025070940245
7,7.0,5,False,4,1,-11.554191584199227,6.277887408924354,-7.827572264149069,-0.13392634766967815
7,7.0,6,False,2,0,16.666978177492766,-22.78924788971356,2.465715677633269,2.4082695989457177
7,7.0,7,False,3,3,-2.9590948274983258,-6.522346763025942,0.030625982522701156,1.2154184890011572
7,7.0,8,False,3,0,-60.80869959253431,63.0699424640009,-1.8059735956554244,8.433653929605931
7,7.0,9,False,2,1,45.360583132610856,-66.29678248355582,-3.616252967067158,-3.214194803081034
7,7.0,10,False,1,4,62.347650393192225,-27.758962416637214,0.0,0.0
7,7.0,11,False,1,3,-3.2114796061615,-91.9647434149588,0.0,0.0
7,7.0,12,False,2,2,-51.409275802966626,-35.52858139874008,2.250992785688889,-0.5869203101253272
8,8.0,1,True,9,0,54.90220821013341,28.623016819363556,0.3453832274627374,-0.14477319443441686
8,8.0,2,True,9,0,-30.595621304094777,-53.81608871576968,-0.04677868108260627,-0.24138831871562277
8,8.0,3,False,3,1,-38.546719951367876,22.490832768290655,-6.649063044976085,-1.175354861950672
8,8.0,4,False,2,2,15.33185640964438,66.77067363743588,5.9222955149208465,-3.0310025070940245
8,8.0,5,False,4,2,-19.381763848348296,6.143961061254675,-7.827572264149069,-0.13392634766967815
8,8.0,6,False,2,1,19.132693855126035,-20.380978290767843,2.465715677633269,2.4082695989457177
8,8.0,7,False,4,0,-13.927982161419628,-9.227417821439413,-1.8376297269938373,0.5495274836139119
8,8.0,8,False,3,1,-62.614673188189734,71.50359639360684,-1.8059735956554244,8.433653929605931
8,8.0,9,False,2,2,41.7443301655437,-69.51097728663684,-3.616252967067158,-3.214194803081034
8,8.0,10,False,2,0,77.57991458920276,14.184314301364711,2.880031336147201,7.930400217203226
8,8.0,11,False,1,4,-3.2114796061615,-91.9647434149588,0.0,0.0
8,8.0,12,False,2,3,-49.15828301727774,-36.11550170886541,2.250992785688889,-0.5869203101253272
8,8.0,13,False,1,0,-18.868675566943615,42.379739198223305,0.0,0.0
9,9.0,1,True,10,0,55.118830111511144,28.733907490889184,0.3214544775642946,-0.09726112778648485
9,9.0,2,True,10,0,-30.466003575510072,-54.16923384757608,-0.013997521566388012,-0.26215698358733125
9,9.0,3,False,3,2,-45.195782996343965,21.315477906339982,-6.649063044976085,-1.175354861950672
9,9.0,4,False,2,3,21.254151924565228,63.739671130341854,5.9222955149208465,-3.0310025070940245
9,9.0,5,False,4,3,-27.209336112497365,6.0100347135849965,-7.827572264149069,-0.13392634766967815
9,9.0,6,False,2,2,21.598409532759305,-17.972708691822124,2.465715677633269,2.4082695989457177
9,9.0,7,True,5,0,-14.14163700186336,-16.979200639633063,-1.5787135660489569,-0.7739802947127374
9,9.0,8,False,3,2,-64.42064678384516,79.93725032321277,-1.8059735956554244,8.433653929605931
9,9.0,9,False,2,3,38.12807719847655,-72.72517208971787,-3.616252967067158,-3.214194803081034
9,9.0,10,False,2,1,80.45994592534996,22.114714518567936,2.880031336147201,7.930400217203226
9,9.0,11,False,1,5,-3.2114796061615,-91.9647434149588,0.0,0.0
9,9.0,12,False,3,0,-31.780648889466438,-26.431513705412208,5.469300755010591,1.5982935341215003
9,9.0,13,False,1,1,-18.868675566943615,42.379739198223305,0.0,0.0
9,9.0,14,False,1,0,53.29417273411836,-25.9933048230877,0.0,0.0
10,10.0,1,True,11,0,55.3257887615821,28.863825640296596,0.3009562123298455,-0.056589068536446845
10,10.0,2,True,11,0,-30.408269867710015,-54.48235137923358,-0.0011554311833811889,-0.2712804848860665
10,10.0,3,False,4,0,-49.32362554449839,32.25188539013866,-6.310883870465805,0.4492336249007125
10,10.0,4,False,3,0,28.896539482837067,45.28672337878423,6.147934683660272,-5.054030820466458
10,10.0,5,False,4,4,-35.03690837664644,5.876108365915318,-7.827572264149069,-0.13392634766967815
10,10.0,6,False,2,3,24.064125210392575,-15.564439092876405,2.465715677633269,2.4082695989457177
10,10.0,7,True,5,1,-15.720350567912318,-17.7531809343458,-1.5787135660489569,-0.7739802947127374
10,10.0,8,False,3,3,-66.22662037950059,88.37090425281869,-1.8059735956554244,8.433653929605931
10,10.0,9,False,2,4,34.51182423140939,-75.9393668927989,-3.616252967067158,-3.214194803081034
10,10.0,10,False,2,2,83.33997726149715,30.04511473577116,2.880031336147201,7.930400217203226
10,10.0,11,False,1,6,-3.2114796061615,-91.9647434149588,0.0,0.0
10,10.0,12,False,3,1,-26.311348134455848,-24.83322017129071,5.469300755010591,1.5982935341215003
10,10.0,13,False,1,2,-18.868675566943615,42.379739198223305,0.0,0.0
10,10.0,14,False,1,1,53.29417273411836,-25.9933048230877,0.0,0.0
10,10.0,15,False,1,0,-1.1566543183573588,-5.441630732402308,0.0,0.0
11,11.0,1,True,12,0,55.526301485049814,29.006429516926655,0.28335470257573836,-0.021682907798542747
11,11.0,2,True,12,0,-30.081284285980423,-54.94027220415225,0.056347322901932895,-0.3039869529987273
11,11.0,3,False,4,1,-55.6345094149642,32.701119015039374,-6.310883870465805,0.4492336249007125
11,11.0,4,False,3,1,35.04447416649734,40.23269255831777,6.147934683660272,-5.054030820466458
11,11.0,5,False,4,5,-42.864480640795506,5.742182018245639,-7.827572264149069,-0.13392634766967815
11,11.0,6,False,2,4,26.529840888025845,-13.156169493930687,2.465715677633269,2.4082695989457177
11,11.0,7,True,5,2,-17.299064133961274,-18.527161229058535,-1.5787135660489569,-0.7739802947127374
11,11.0,8,False,3,4,-68.03259397515602,96.80455818242461,-1.8059735956554244,8.433653929605931
11,11.0,9,False,2,5,30.895571264342234,-79.15356169587993,-3.616252967067158,-3.214194803081034
11,11.0,10,False,2,3,86.22000859764435,37.975514952974386,2.880031336147201,7.930400217203226
11,11.0,12,False,3,2,-20.842047379445255,-23.23492663716921,5.469300755010591,1.5982935341215003
11,11.0,13,False,2,0,-36.19906454640244,43.00029423054468,-4.925398715675496,0.1763653985392039
11,11.0,14,False,1,2,53.29417273411836,-25.9933048230877,0.0,0.0
11,11.0,15,False,2,0,0.5271428991667371,-3.07421997645653,0.6492479361264082,0.9128394626529664
11,11.0,16,False,1,0,21.26371928693251,29.2669987885081,0.0,0.0
12,12.0,1,True,13,0,55.72253277920147,29.157451657561513,0.26823721213492596,0.008284548319144682
12,12.0,2,True,13,0,-29.861824545490816,-55.33623069282602,0.08465028370503636,-0.31994568138807783
12,12.0,3,False,4,2,-61.94539328543,33.15035263994009,-6.310883870465805,0.4492336249007125
12,12.0,4,False,3,2,41.19240885015761,35.178661737851314,6.147934683660272,-5.054030820466458
12,12.0,5,False,4,6,-50.692052904944575,5.608255670575961,-7.827572264149069,-0.13392634766967815
12,12.0,6,False,3,0,26.18961403062457,-4.976742070122364,2.127384179567795,3.104137189988172
12,12.0,7,True,5,3,-18.87777770001023,-19.30114152377127,-1.5787135660489569,-0.7739802947127374
12,12.0,8,False,3,5,-69.83856757081145,105.23821211203054,-1.8059735956554244,8.433653929605931
12,12.0,9,False,2,6,27.279318297275076,-82.36775649896096,-3.616252967067158,-3.214194803081034
12,12.0,10,False,2,4,89.10003993379155,45.905915170177614,2.880031336147201,7.930400217203226
12,12.0,12,False,3,3,-15.372746624434663,-21.63663310304771,5.469300755010591,1.5982935341215003
12,12.0,13,False,2,1,-41.12446326207794,43.176659629083886,-4.925398715675496,0.1763653985392039
12,12.0,14,False,2,0,40.311859519717004,-1.0614308179832044,-3.6896499500674347,7.085785572942149
12,12.0,15,False,2,1,1.1763908352931454,-2.1613805138035636,0.6492479361264082,0.9128394626529664
12,12.0,16,False,2,0,19.210383854810864,38.65065802166242,-0.7917365449982566,3.618203740351395
13,13.0,1,True,14,0,55.91611478051226,29.313672492119696,0.25531375388349364,0.03389359017940725
13,13.0,2,True,14,0,-29.73535757080934,-55.682825925816736,0.09188911210135597,-0.3245589476792602
13,13.0,3,False,4,3,-68.2562771558958,33.5995862648408,-6.310883870465805,0.4492336249007125
13,13.0,4,False,3,3,47.34034353381789,30.124630917384856,6.147934683660272,-5.054030820466458
13,13.0,6,False,3,1,28.316998210192363,-1.8726048801341917,2.127384179567795,3.104137189988172
13,13.0,7,True,5,4,-20.45649126605919,-20.075121818484007,-1.5787135660489569,-0.7739802947127374
13,13.0,8,False,3,6,-71.64454116646688,113.67186604163646,-1.8059735956554244,8.433653929605931
13,13.0,10,False,2,5,91.98007126993875,53.83631538738084,2.880031336147201,7.930400217203226
13,13.0,12,False,3,4,-9.903445869424072,-20.03833956892621,5.469300755010591,1.5982935341215003
13,13.0,13,False,2,2,-46.04986197775344,43.35302502762309,-4.925398715675496,0.1763653985392039
13,13.0,14,False,2,1,36.62220956964957,6.024354754958945,-3.6896499500674347,7.085785572942149
13,13.0,15,False,3,0,6.906319177074416,-2.1414467522033798,2.3980406382042307,0.6054973649475468
13,13.0,16,False,2,1,18.418647309812606,42.26886176201382,-0.7917365449982566,3.618203740351395
13,13.0,17,False,1,0,19.827386653978717,-23.82469575750012,0.0,0.0
13,13.0,18,False,1,0,-73.19340161557761,-61.41655630024173,0.0,0.0
14,14.0,1,True,15,0,56.4147610222595,28.871155380761074,0.29751306306023734,-0.04872670711755749
14,14.0,2,True,15,0,-29.674982977350336,-55.993115616629545,0.08642378797871136,-0.32208433860623453
14,14.0,3,False,4,4,-74.5671610263616,34.048819889741516,-6.310883870465805,0.4492336249007125
14,14.0,4,False,4,0,64.38230324822764,23.34563972215996,7.464278179331883,-5.262460704113267
14,14.0,6,False,3,2,30.444382389760158,1.2315323098539803,2.127384179567795,3.104137189988172
14,14.0,7,True,5,5,-22.035204832108146,-20.849102113196743,-1.5787135660489569,-0.7739802947127374
14,14.0,10,False,2,6,94.86010260608595,61.76671560458407,2.880031336147201,7.930400217203226
14,14.0,12,False,3,5,-4.4341451144134805,-18.440046034804713,5.469300755010591,1.5982935341215003
14,14.0,13,False,2,3,-50.975260693428936,43.529390426162294,-4.925398715675496,0.1763653985392039
14,14.0,14,False,3,0,44.68002131713264,17.996740858220807,-0.9510080801840903,8.224980503581351
14,14.0,15,False,3,1,9.304359815278648,-1.535949387255833,2.3980406382042307,0.6054973649475468
14,14.0,16,False,2,2,17.626910764814347,45.88706550236522,-0.7917365449982566,3.618203740351395
14,14.0,17,False,1,1,19.827386653978717,-23.82469575750012,0.0,0.0
14,14.0,18,False,1,1,-73.19340161557761,-61.41655630024173,0.0,0.0
14,14.0,19,False,1,0,15.403096031895545,-72.46586937084385,0.0,0.0
15,15.0,1,True,16,0,56.85575240688511,28.54176334884641,0.3224845896469669,-0.09757479471489286
15,15.0,2,True,16,0,-29.675043077330688,-56.27133688156631,0.07137179486970732,-0.3144502382183677
15,15.0,3,False,4,5,-80.8780448968274,34.49805351464223,-6.310883870465805,0.4492336249007125
15,15.0,4,False,4,1,71.84658142755953,18.083179018046692,7.464278179331883,-5.262460704113267
15,15.0,6,False,3,3,32.571766569327956,4.335669499842153,2.127384179567795,3.104137189988172
15,15.0,7,True,5,6,-23.613918398157104,-21.62308240790948,-1.5787135660489569,-0.7739802947127374
15,15.0,12,False,3,6,1.035155640597111,-16.841752500683214,5.469300755010591,1.5982935341215003
15,15.0,13,False,2,4,-55.900659409104435,43.7057558247015,-4.925398715675496,0.1763653985392039
15,15.0,14,False,3,1,43.72901323694855,26.22172136180216,-0.9510080801840903,8.224980503581351
15,15.0,15,False,3,2,11.702400453482879,-0.9304520223082862,2.3980406382042307,0.6054973649475468
15,15.0,16,False,3,0,-6.515359785974347,56.54566148923525,-6.9734004734200985,5.482030014365201
15,15.0,17,False,2,0,24.783456432310587,-17.053301094776984,1.7761318515557734,2.4266990332741787
15,15.0,18,False,1,2,-73.19340161557761,-61.41655630024173,0.0,0.0
15,15.0,19,False,1,1,15.403096031895545,-72.46586937084385,0.0,0.0
15,15.0,20,False,1,0,-37.9351878370793,85.20382690704398,0.0,0.0
16,16.0,1,True,17,0,57.24661301078648,28.310718496301845,0.33443060348285475,-0.12089342735085826
16,16.0,2,True,17,0,-29.717662490005857,-56.526096755193414,0.0514563236719555,-0.3040216993652047
16,16.0,3,False,4,6,-87.1889287672932,34.947287139542944,-6.310883870465805,0.4492336249007125
16,16.0,4,False,4,2,79.31085960689141,12.820718313933426,7.464278179331883,-5.262460704113267
16,16.0,6,False,3,4,34.699150748895754,7.439806689830325,2.127384179567795,3.104137189988172
16,16.0,12,False,4,0,1.4595224182197244,-0.7501422146757761,4.943863107821288,3.1077948057363782
16,16.0,13,False,3,0,-65.144726789161,44.26770943803869,-5.563152986739297,0.23330668067262442
16,16.0,14,False,3,2,42.778005156764465,34.44670186538351,-0.9510080801840903,8.224980503581351
16,16.0,15,False,4,0,12.518166763437254,-3.574809511739999,2.08201797394043,-0.04358590159800235
16,16.0,16,False,3,1,-13.488760259394446,62.02769150360045,-6.9734004734200985,5.482030014365201
16,16.0,17,False,2,1,26.55958828386636,-14.626602061502805,1.7761318515557734,2.4266990332741787
16,16.0,18,False,1,3,-73.19340161557761,-61.41655630024173,0.0,0.0
16,16.0,19,False,1,2,15.403096031895545,-72.46586937084385,0.0,0.0
16,16.0,20,False,1,1,-37.9351878370793,85.20382690704398,0.0,0.0
17,17.0,1,True,18,0,57.59414733016414,28.16465808764528,0.3367274586415897,-0.12530476466203677
17,17.0,2,True,18,0,-29.79387330524972,-56.76232460269869,0.029078478412342394,-0.29213860760519383
17,17.0,4,False,4,3,86.7751377862233,7.558257609820159,7.464278179331883,-5.262460704113267
17,17.0,6,False,4,0,37.84524528499958,-5.1449635900095085,2.2398571162587246,1.3719691745338067
17,17.0,12,False,4,1,6.403385526041013,2.357652591060602,4.943863107821288,3.1077948057363782
17,17.0,13,False,3,1,-70.7078797759003,44.50101611871132,-5.563152986739297,0.23330668067262442
17,17.0,14,False,3,3,41.826997076580376,42.67168236896486,-0.9510080801840903,8.224980503581351
17,17.0,15,False,4,1,14.600184737377685,-3.618395413338001,2.08201797394043,-0.04358590159800235
17,17.0,16,False,3,2,-20.462160732814546,67.50972151796566,-6.9734004734200985,5.482030014365201
17,17.0,17,False,3,0,31.139200786443546,-14.785695334244867,2.562821449768477,1.701095341470464
17,17.0,18,False,1,4,-73.19340161557761,-61.41655630024173,0.0,0.0
17,17.0,19,False,1,3,15.403096031895545,-72.46586937084385,0.0,0.0
17,17.0,20,False,1,2,-37.9351878370793,85.20382690704398,0.0,0.0
17,17.0,21,False,1,0,-7.221188845482417,-33.97302246868654,0.0,0.0
18,18.0,1,True,19,0,57.904834814103246,28.090860610892605,0.3321520473661593,-0.11625456286422689
18,18.0,2,True,19,0,-29.602899179236758,-57.13974238830437,0.057524710789225414,-0.30712277395100984
18,18.0,4,False,4,4,94.23941596555518,2.295796905706892,7.464278179331883,-5.262460704113267
18,18.0,6,False,4,1,40.085102401258304,-3.7729944154757016,2.2398571162587246,1.3719691745338067
18,18.0,12,False,4,2,11.3472486338623,5.46544739679698,4.943863107821288,3.1077948057363782
18,18.0,13,False,3,2,-76.27103276263959,44.734322799383946,-5.563152986739297,0.23330668067262442
18,18.0,14,False,4,0,36.6308294954677,67.59159092880137,-1.5903185965404978,10.73919535789787
18,18.0,15,False,4,2,16.682202711318116,-3.6619813149360034,2.08201797394043,-0.04358590159800235
18,18.0,16,False,3,3,-27.435561206234645,72.99175153233087,-6.9734004734200985,5.482030014365201
18,18.0,17,False,3,1,33.702022236212024,-13.084599992774404,2.562821449768477,1.701095341470464
18,18.0,18,False,1,5,-73.19340161557761,-61.41655630024173,0.0,0.0
18,18.0,19,False,1,4,15.403096031895545,-72.46586937084385,0.0,0.0
18,18.0,20,False,1,3,-37.9351878370793,85.20382690704398,0.0,0.0
18,18.0,21,False,1,1,-7.221188845482417,-33.97302246868654,0.0,0.0
18,18.0,22,False,1,0,-7.210534290419725,-8.593180145131448,0.0,0.0
18,18.0,23,False,1,0,-18.763687870242244,38.47126132255251,0.0,0.0
19,19.0,1,True,20,0,58.184905431971536,28.077097423587247,0.3229865591498873,-0.09821774044957282
19,19.0,2,True,20,0,-29.482847857501294,-57.479329816543064,0.06852838179742378,-0.3128360273925519
19,19.0,4,False,4,5,101.70369414488707,-2.9666637984063753,7.464278179331883,-5.262460704113267
19,19.0,6,False,4,2,42.32495951751703,-2.4010252409418946,2.2398571162587246,1.3719691745338067
19,19.0,12,False,4,3,16.291111741683586,8.573242202533358,4.943863107821288,3.1077948057363782
19,19.0,13,False,3,3,-81.83418574937889,44.96762948005657,-5.563152986739297,0.23330668067262442
19,19.0,14,False,4,1,35.0405108989272,78.33078628669924,-1.5903185965404978,10.73919535789787
19,19.0,15,False,4,3,18.764220685258547,-3.7055672165340057,2.08201797394043,-0.04358590159800235
19,19.0,16,False,3,4,-34.408961679654745,78.47378154669607,-6.9734004734200985,5.482030014365201
19,19.0,17,False,3,2,36.2648436859805,-11.38350465130394,2.562821449768477,1.701095341470464
19,19.0,18,False,2,0,-61.577852481683806,-77.51389231445279,1.8661202551044178,-2.5861510672523074
19,19.0,19,False,1,5,15.403096031895545,-72.46586937084385,0.0,0.0
19,19.0,20,False,1,4,-37.9351878370793,85.20382690704398,0.0,0.0
19,19.0,21,False,2,0,-17.698646744736074,-26.717362219865585,-3.7548597034609656,2.600247746377682
19,19.0,22,False,1,1,-7.210534290419725,-8.593180145131448,0.0,0.0
19,19.0,23,False,1,1,-18.763687870242244,38.47126132255251,0.0,0.0
19,19.0,24,False,1,0,-47.06084216958844,34.19170323995409,0.0,0.0
20,20.0,1,True,21,0,58.44025242120523,28.11180359360781,0.31107261560897653,-0.0748047003232038
20,20.0,2,True,21,0,-29.42621128024646,-57.787725805432075,0.06643377522178319,-0.31205396493833787
20,20.0,4,False,4,6,109.16797232421895,-8.229124502519642,7.464278179331883,-5.262460704113267
20,20.0,6,False,4,3,44.564816633775756,-1.0290560664080879,2.2398571162587246,1.3719691745338067
20,20.0,12,True,5,0,18.538244122435863,15.88843174485243,4.654533875306487,3.559201495252374
20,20.0,13,False,3,4,-87.39733873611819,45.2009361607292,-5.563152986739297,0.23330668067262442
20,20.0,14,False,4,2,33.450192302386704,89.0699816445971,-1.5903185965404978,10.73919535789787
20,20.0,15,False,4,4,20.846238659198978,-3.749153118132008,2.08201797394043,-0.04358590159800235
20,20.0,16,False,3,5,-41.382362153074844,83.95581156106128,-6.9734004734200985,5.482030014365201
20,20.0,17,False,3,3,38.82766513574898,-9.682409309833478,2.562821449768477,1.701095341470464
20,20.0,18,False,3,0,-61.24179591110211,-76.82395493027117,1.6178238043732835,-2.0545123237146217
20,20.0,19,False,1,6,15.403096031895545,-72.46586937084385,0.0,0.0
20,20.0,20,False,1,5,-37.9351878370793,85.20382690704398,0.0,0.0
20,20.0,21,False,2,1,-21.45350644819704,-24.117114473487902,-3.7548597034609656,2.600247746377682
20,20.0,22,False,1,2,-7.210534290419725,-8.593180145131448,0.0,0.0
20,20.0,23,False,1,2,-18.763687870242244,38.47126132255251,0.0,0.0
20,20.0,24,False,1,1,-47.06084216958844,34.19170323995409,0.0,0.0
20,20.0,25,False,1,0,30.010434069246344,41.30581887840282,0.0,0.0
21,21.0,1,True,22,0,58.676294635856955,28.184347436687872,0.29785179001821516,-0.04884096604305374
21,21.0,2,True,22,0,-29.417224080059317,-58.06974637952306,0.05631132965798821,-0.30676189376150603
21,21.0,6,False,4,4,46.80467375003448,0.34291310812571885,2.2398571162587246,1.3719691745338067
21,21.0,12,True,5,1,23.19277799774235,19.447633240104803,4.654533875306487,3.559201495252374
21,21.0,13,False,4,0,-90.00143781889696,43.91838914642211,-5.22948675852834,0.062377322391399675
21,21.0,14,False,4,3,31.859873705846205,99.80917700249498,-1.5903185965404978,10.73919535789787
21,21.0,15,True,5,0,26.07139593300053,4.542087771766143,2.464875802822487,0.9716582174396783
21,21.0,16,False,3,6,-48.35576262649494,89.43784157542649,-6.9734004734200985,5.482030014365201
21,21.0,17,False,3,4,41.39048658551746,-7.981313968363014,2.562821449768477,1.701095341470464
21,21.0,18,False,3,1,-59.62397210672883,-78.87846725398579,1.6178238043732835,-2.0545123237146217
21,21.0,20,False,1,6,-37.9351878370793,85.20382690704398,0.0,0.0
21,21.0,21,False,2,2,-25.208366151658005,-21.51686672711022,-3.7548597034609656,2.600247746377682
21,21.0,22,False,1,3,-7.210534290419725,-8.593180145131448,0.0,0.0
21,21.0,23,False,1,3,-18.763687870242244,38.47126132255251,0.0,0.0
21,21.0,24,False,1,2,-47.06084216958844,34.19170323995409,0.0,0.0
21,21.0,25,False,1,1,30.010434069246344,41.30581887840282,0.0,0.0
21,21.0,26,False,1,0,-80.38542274525382,35.78989608684028,0.0,0.0
22,22.0,1,True,23,0,58.90192243715997,28.28725039003181,0.28512455311082874,-0.022100808850834396
22,22.0,2,True,23,0,-29.14664998020685,-58.4802374461348,0.09406849435088857,-0.32504094176975173
22,22.0,6,False,4,5,49.04453086629321,1.7148822826595256,2.2398571162587246,1.3719691745338067
22,22.0,12,True,5,2,27.847311873048838,23.006834735357177,4.654533875306487,3.559201495252374
22,22.0,13,False,4,1,-95.2309245774253,43.980766468813506,-5.22948675852834,0.062377322391399675
22,22.0,14,False,4,4,30.269555109305706,110.54837236039285,-1.5903185965404978,10.73919535789787
22,22.0,15,True,5,1,28.536271735823018,5.513745989205821,2.464875802822487,0.9716582174396783
22,22.0,17,False,4,0,37.24522469081573,-0.9261883861191418,1.6213197898569565,2.452551174686973
22,22.0,18,False,3,2,-58.00614830235555,-80.93297957770041,1.6178238043732835,-2.0545123237146217
22,22.0,21,False,2,3,-28.96322585511897,-18.916618980732537,-3.7548597034609656,2.600247746377682
22,22.0,22,False,2,0,4.711473579898172,-10.694643566716707,2.7231093055925264,-0.47999587493382
22,22.0,23,False,1,4,-18.763687870242244,38.47126132255251,0.0,0.0
22,22.0,24,False,1,3,-47.06084216958844,34.19170323995409,0.0,0.0
22,22.0,25,False,1,2,30.010434069246344,41.30581887840282,0.0,0.0
22,22.0,26,False,1,1,-80.38542274525382,35.78989608684028,0.0,0.0
22,22.0,27,False,1,0,11.394262096325878,-6.058436623439363,0.0,0.0
23,23.0,1,True,24,0,59.11651623658713,28.410036449944656,0.2726968609882457,0.003428613472878886
23,23.0,2,True,24,0,-28.96217832086709,-58.848706739125504,0.10999775418026356,-0.3326931239764823
23,23.0,6,False,4,6,51.284387982551934,3.0868514571933323,2.2398571162587246,1.3719691745338067
23,23.0,12,True,5,3,32.50184574835532,26.56603623060955,4.654533875306487,3.559201495252374
23,23.0,13,False,4,2,-100.46041133595364,44.043143791204905,-5.22948675852834,0.062377322391399675
23,23.0,14,False,4,5,28.679236512765208,121.28756771829072,-1.5903185965404978,10.73919535789787
23,23.0,15,True,5,2,31.001147538645505,6.4854042066455,2.464875802822487,0.9716582174396783
23,23.0,17,False,4,1,38.86654448067269,1.5263627885678313,1.6213197898569565,2.452551174686973
23,23.0,18,False,3,3,-56.38832449798227,-82.98749190141503,1.6178238043732835,-2.0545123237146217
23,23.0,21,False,2,4,-32.718085558579936,-16.316371234354854,-3.7548597034609656,2.600247746377682
23,23.0,22,False,2,1,7.434582885490698,-11.174639441650527,2.7231093055925264,-0.47999587493382
23,23.0,23,False,2,0,-0.6284101445087948,14.377828616526028,3.4289169008455236,-4.555451526824484
23,23.0,24,False,1,4,-47.06084216958844,34.19170323995409,0.0,0.0
23,23.0,25,False,1,3,30.010434069246344,41.30581887840282,0.0,0.0
23,23.0,26,False,2,0,-74.28880878808478,30.74905037421816,2.1848744509832305,-1.8065134329040873
23,23.0,27,False,1,1,11.394262096325878,-6.058436623439363,0.0,0.0
23,23.0,28,False,1,0,3.2491839016257912e-15,-53.063199999999995,0.0,0.0
24,24.0,1,True,25,0,59.32357288456725,28.545932733299104,0.26113273089174205,0.026766035731112164
24,24.0,2,True,25,0,-28.852688440786093,-59.180482608931946,0.10990827972721981,-0.332531527204202
24,24.0,12,True,5,4,37.156379623661806,30.125237725861925,4.654533875306487,3.559201495252374
24,24.0,13,False,4,3,-105.68989809448198,44.1055211135963,-5.22948675852834,0.062377322391399675
24,24.0,14,False,4,6,27.08891791622471,132.0267630761886,-1.5903185965404978,10.73919535789787
24,24.0,15,True,5,3,33.46602334146799,7.457062424085178,2.464875802822487,0.9716582174396783
24,24.0,17,False,4,2,40.48786427052964,3.9789139632548043,1.6213197898569565,2.452551174686973
24,24.0,18,False,3,4,-54.77050069360899,-85.04200422512965,1.6178238043732835,-2.0545123237146217
24,24.0,21,False,2,5,-36.4729452620409,-13.716123487977171,-3.7548597034609656,2.600247746377682
24,24.0,22,False,2,2,10.157692191083225,-11.654635316584347,2.7231093055925264,-0.47999587493382
24,24.0,23,False,3,0,9.01391903596761,12.831392363113336,4.593307089301103,-3.9915636495047107
24,24.0,24,False,2,0,-58.48794407628517,29.158350475754048,-2.1605725287546895,-0.951678194406314
24,24.0,25,False,1,4,30.010434069246344,41.30581887840282,0.0,0.0
24,24.0,26,False,2,1,-72.10393433710155,28.942536941314074,2.1848744509832305,-1.8065134329040873
24,24.0,27,False,1,2,11.394262096325878,-6.058436623439363,0.0,0.0
24,24.0,28,False,1,1,3.2491839016257912e-15,-53.063199999999995,0.0,0.0
24,24.0,29,False,1,0,95.15397095307495,16.77821240057668,0.0,0.0
25,25.0,1,True,26,0,59.53000986368529,28.6914782650993,0.25149830477507085,0.04768854327406746
25,25.0,2,True,26,0,-28.809730702584925,-59.47769906637562,0.0981152240531239,-0.3263109265290233
25,25.0,12,True,5,5,41.81091349896829,33.6844392211143,4.654533875306487,3.559201495252374
25,25.0,13,False,4,4,-110.91938485301031,44.1678984359877,-5.22948675852834,0.062377322391399675
25,25.0,15,True,5,4,35.93089914429048,8.428720641524857,2.464875802822487,0.9716582174396783
25,25.0,17,False,4,3,42.109184060386596,6.431465137941777,1.6213197898569565,2.452551174686973
25,25.0,18,False,3,5,-53.15267688923571,-87.09651654884426,1.6178238043732835,-2.0545123237146217
25,25.0,21,False,2,6,-40.22780496550187,-11.115875741599488,-3.7548597034609656,2.600247746377682
25,25.0,22,False,2,3,12.880801496675751,-12.134631191518167,2.7231093055925264,-0.47999587493382
25,25.0,23,False,3,1,13.607226125268713,8.839828713608625,4.593307089301103,-3.9915636495047107
25,25.0,24,False,3,0,-59.91724950642483,28.64641510323673,-2.0235334596494443,-0.8692706212069811
25,25.0,25,False,1,5,30.010434069246344,41.30581887840282,0.0,0.0
25,25.0,26,False,2,2,-69.91905988611832,27.136023508409988,2.1848744509832305,-1.8065134329040873
25,25.0,27,False,2,0,0.6478433185840498,11.218947525305339,-3.0541955699169474,4.910334430307557
25,25.0,28,False,1,2,3.2491839016257912e-15,-53.063199999999995,0.0,0.0
25,25.0,29,False,1,1,95.15397095307495,16.77821240057668,0.0,0.0
26,26.0,1,True,27,0,59.733300359461005,28.840122156174083,0.24300785837534225,0.06546898148646266
26,26.0,2,True,27,0,-28.820165153308633,-59.74693605477881,0.07899725925590532,-0.31625896145246524
26,26.0,12,True,5,6,46.465447374274774,37.24364071636668,4.654533875306487,3.559201495252374
26,26.0,13,False,4,5,-116.14887161153865,44.2302757583791,-5.22948675852834,0.062377322391399675
26,26.0,15,True,5,5,38.39577494711297,9.400378858964535,2.464875802822487,0.9716582174396783
26,26.0,17,False,4,4,43.73050385024355,8.88401631262875,1.6213197898569565,2.452551174686973
26,26.0,18,False,3,6,-51.534853084862426,-89.15102887255888,1.6178238043732835,-2.0545123237146217
26,26.0,22,False,2,4,15.603910802268278,-12.614627066451988,2.7231093055925264,-0.47999587493382
26,26.0,23,False,3,2,18.200533214569816,4.848265064103915,4.593307089301103,-3.9915636495047107
26,26.0,24,False,4,0,-60.872852230973066,28.375800830328693,-1.8172373663936432,-0.7536259807845369
26,26.0,25,False,2,0,51.367718464612416,70.7015989905458,3.431199037152857,4.722640320275292
26,26.0,26,False,2,3,-67.73418543513509,25.3295100755059,2.1848744509832305,-1.8065134329040873
26,26.0,27,False,3,0,0.01422863377764605,8.342401602487353,-2.39428824381606,2.7874475546376543
26,26.0,28,False,1,3,3.2491839016257912e-15,-53.063199999999995,0.0,0.0
26,26.0,29,False,1,2,95.15397095307495,16.77821240057668,0.0,0.0
27,27.0,1,True,28,0,59.93518329576699,28.9887381240374,0.2357655794668164,0.08011152998124259
27,27.0,2,True,28,0,-28.872655844507936,-59.99880539553489,0.055841655247682476,-0.3049196672135378
27,27.0,13,False,4,6,-121.37835837006699,44.2926530807705,-5.22948675852834,0.062377322391399675
27,27.0,15,True,6,0,42.30789576316231,1.3402349486936078,2.6128661600374334,0.048096822541922934
27,27.0,17,False,4,5,45.351823640100505,11.336567487315723,1.6213197898569565,2.452551174686973
27,27.0,22,False,3,0,-4.1835738447746635,-6.155611082148698,-0.35067326808074073,0.46751416306489013
27,27.0,23,False,3,3,22.79384030387092,0.856701414599204,4.593307089301103,-3.9915636495047107
27,27.0,24,True,5,0,-61.53364217476482,28.2558833547287,-1.5898752382786556,-0.6290363872350462
27,27.0,25,False,2,1,54.798917501765274,75.4242393108211,3.431199037152857,4.722640320275292
27,27.0,26,False,2,4,-65.54931098415186,23.522996642601814,2.1848744509832305,-1.8065134329040873
27,27.0,27,False,3,1,-2.380059610038414,11.129849157125008,-2.39428824381606,2.7874475546376543
27,27.0,28,False,1,4,3.2491839016257912e-15,-53.063199999999995,0.0,0.0
27,27.0,29,False,1,3,95.15397095307495,16.77821240057668,0.0,0.0
28,28.0,1,True,29,0,60.43438250075054,28.507994294912397,0.2821544650533436,-0.0186513179017347
28,28.0,2,True,29,0,-28.959698243895055,-60.232035706136124,0.03068073644093762,-0.2922956547886375
28,28.0,15,True,6,1,44.92076192319974,1.3883317712355308,2.6128661600374334,0.048096822541922934
28,28.0,17,False,4,6,46.97314342995746,13.789118662002696,1.6213197898569565,2.452551174686973
28,28.0,22,False,3,1,-4.534247112855404,-5.688096919083808,-0.35067326808074073,0.46751416306489013
28,28.0,23,False,3,4,27.38714739317202,-3.1348622349055066,4.593307089301103,-3.9915636495047107
28,28.0,24,True,5,1,-63.12351741304348,27.626846967493652,-1.5898752382786556,-0.6290363872350462
28,28.0,25,False,2,2,58.23011653891813,80.14687963109638,3.431199037152857,4.722640320275292
28,28.0,26,False,2,5,-63.36443653316863,21.716483209697728,2.1848744509832305,-1.8065134329040873
28,28.0,27,False,3,2,-4.774347853854474,13.917296711762663,-2.39428824381606,2.7874475546376543
28,28.0,28,False,2,0,29.93753222922666,-47.36761966469066,5.660421184768552,1.076888480409293
28,28.0,29,False,1,4,95.15397095307495,16.77821240057668,0.0,0.0
28,28.0,30,False,1,0,-33.72932812470391,69.15537102796901,0.0,0.0
28,28.0,31,False,1,0,61.86405156629284,-64.0621007307992,0.0,0.0
29,29.0,1,True,30,0,60.88372388267451,28.130384869248243,0.31159394279116415,-0.08185924959928222
29,29.0,2,True,30,0,-29.07129384240863,-60.45643570170529,0.005627693571839461,-0.2803400975865566
29,29.0,15,True,6,2,47.533628083237176,1.4364285937774537,2.6128661600374334,0.048096822541922934
29,29.0,22,False,3,2,-4.884920380936144,-5.220582756018918,-0.35067326808074073,0.46751416306489013
29,29.0,23,False,4,0,26.341254505580533,-16.304648591664485,3.834661084846432,-5.2263171630147
29,29.0,24,True,5,2,-64.71339265132214,26.997810580258605,-1.5898752382786556,-0.6290363872350462
29,29.0,25,False,2,3,61.66131557607099,84.86951995137167,3.431199037152857,4.722640320275292
29,29.0,26,False,3,0,-60.34619828490211,28.794529351108324,2.3017351495408716,-0.5606519716598701
29,29.0,27,False,4,0,0.458231187618086,10.230405864074218,-0.9240950675810884,1.5394216242407732
29,29.0,28,False,2,1,35.597953413995214,-46.29073118428136,5.660421184768552,1.076888480409293
29,29.0,29,False,1,5,95.15397095307495,16.77821240057668,0.0,0.0
29,29.0,30,False,1,1,-33.72932812470391,69.15537102796901,0.0,0.0
29,29.0,31,False,1,1,61.86405156629284,-64.0621007307992,0.0,0.0
30,30.0,1,True,31,0,61.29028068211354,27.852010147420025,0.32831545201615575,-0.11646262398927767
30,30.0,2,True,31,0,-29.199945160654096,-60.670375242546896,-0.018016790325183104,-0.26864797330398077
30,30.0,15,True,6,3,50.14649424327461,1.4845254163193766,2.6128661600374334,0.048096822541922934
30,30.0,22,False,4,0,0.11167825479087234,-0.2452795614397214,0.32213723721569787,1.034698303056572
30,30.0,23,False,4,1,30.175915590426964,-21.530965754679187,3.834661084846432,-5.2263171630147
30,30.0,24,True,5,3,-66.30326788960079,26.368774193023558,-1.5898752382786556,-0.6290363872350462
30,30.0,25,False,2,4,65.09251461322384,89.59216027164696,3.431199037152857,4.722640320275292
30,30.0,26,False,3,1,-58.044463135361234,28.233877379448455,2.3017351495408716,-0.5606519716598701
30,30.0,27,True,5,0,6.839540351411285,15.482782390424907,0.38845343697300727,2.206521383527383
30,30.0,28,False,2,2,41.258374598763766,-45.21384270387207,5.660421184768552,1.076888480409293
30,30.0,29,False,2,0,48.73911128703121,41.1043940113494,-7.456876016984111,3.908173407036669
30,30.0,30,False,1,2,-33.72932812470391,69.15537102796901,0.0,0.0
30,30.0,31,False,1,2,61.86405156629284,-64.0621007307992,0.0,0.0
31,31.0,1,True,32,0,61.65372464686532,27.66158338632705,0.33450103711084683,-0.12948655891796457
31,31.0,2,True,32,0,-29.341387991461048,-60.881279875092794,-0.03975019765860882,-0.2584802684939613
31,31.0,15,True,6,4,52.759360403312044,1.5326222388612996,2.6128661600374334,0.048096822541922934
31,31.0,22,False,4,1,0.4338154920065702,0.7894187416168506,0.32213723721569787,1.034698303056572
31,31.0,23,False,4,2,34.0105766752734,-26.757282917693885,3.834661084846432,-5.2263171630147
31,31.0,24,True,5,4,-67.89314312787944,25.73973780578851,-1.5898752382786556,-0.6290363872350462
31,31.0,25,False,2,5,68.52371365037669,94.31480059192225,3.431199037152857,4.722640320275292
31,31.0,26,False,3,2,-55.74272798582036,27.673225407788586,2.3017351495408716,-0.5606519716598701
31,31.0,27,True,5,1,7.227993788384293,17.68930377395229,0.38845343697300727,2.206521383527383
31,31.0,28,False,2,3,46.91879578353232,-44.13695422346277,5.660421184768552,1.076888480409293
31,31.0,29,False,2,1,41.282235270047096,45.01256741838607,-7.456876016984111,3.908173407036669
31,31.0,30,False,1,3,-33.72932812470391,69.15537102796901,0.0,0.0
31,31.0,31,False,1,3,61.86405156629284,-64.0621007307992,0.0,0.0
31,31.0,32,False,1,0,18.123848241987908,-7.322510002819516,0.0,0.0
31,31.0,33,False,1,0,-81.51795992118186,-43.3438681398948,0.0,0.0
31,31.0,34,False,1,0,85.45715044246377,-31.10385906626564,0.0,0.0
32,32.0,1,True,33,0,61.98361609039007,27.549929335046592,0.33368935535119515,-0.126346516112049
32,32.0,2,True,33,0,-29.168870535551065,-61.23928992434716,-0.002372980047627253,-0.2760060017449436
32,32.0,15,True,7,0,69.99242965786304,6.07752651492099,4.188424920512183,0.5326991452153206
32,32.0,22,False,4,2,0.7559527292222681,1.8241170446734225,0.32213723721569787,1.034698303056572
32,32.0,23,False,4,3,37.84523776011983,-31.983600080708584,3.834661084846432,-5.2263171630147
32,32.0,24,True,5,5,-69.48301836615809,25.110701418553464,-1.5898752382786556,-0.6290363872350462
32,32.0,25,False,2,6,71.95491268752954,99.03744091219754,3.431199037152857,4.722640320275292
32,32.0,26,False,3,3,-53.440992836279484,27.112573436128717,2.3017351495408716,-0.5606519716598701
32,32.0,27,True,5,2,7.6164472253573,19.895825157479674,0.38845343697300727,2.206521383527383
32,32.0,28,False,2,4,52.57921696830087,-43.06006574305348,5.660421184768552,1.076888480409293
32,32.0,29,False,2,2,33.825359253062985,48.92074082542274,-7.456876016984111,3.908173407036669
32,32.0,30,False,1,4,-33.72932812470391,69.15537102796901,0.0,0.0
32,32.0,31,False,1,4,61.86405156629284,-64.0621007307992,0.0,0.0
32,32.0,32,False,1,1,18.123848241987908,-7.322510002819516,0.0,0.0
32,32.0,33,False,1,1,-81.51795992118186,-43.3438681398948,0.0,0.0
32,32.0,34,False,1,1,85.45715044246377,-31.10385906626564,0.0,0.0
32,32.0,35,False,1,0,13.284363428604443,75.33936879783873,0.0,0.0
32,32.0,36,False,1,0,62.13820321125742,55.949489476817206,0.0,0.0
33,33.0,1,True,34,0,62.28089195218702,27.503125344345612,0.32727742728820597,-0.1123401437181328
33,33.0,2,True,34,0,-29.055417919946468,-61.569785069424455,0.018022354612270152,-0.2856008094153591
33,33.0,15,True,7,1,74.18085457837523,6.610225660136311,4.188424920512183,0.5326991452153206
33,33.0,22,True,5,0,-1.6334345095008747,9.507707848876239,-0.022046104731649308,1.8786656216627666
33,33.0,23,False,4,4,41.67989884496626,-37.20991724372328,3.834661084846432,-5.2263171630147
33,33.0,24,True,6,0,-74.19846693406016,38.65325677713211,-1.9801296237589143,1.140407245913037
33,33.0,26,False,4,0,-59.18170865142356,27.38051422343436,1.3590017673531412,-0.46352460867738166
33,33.0,27,True,5,3,8.004900662330307,22.10234654100706,0.38845343697300727,2.206521383527383
33,33.0,28,False,2,5,58.23963815306942,-41.98317726264418,5.660421184768552,1.076888480409293
33,33.0,29,False,2,3,26.368483236078873,52.82891423245941,-7.456876016984111,3.908173407036669
33,33.0,30,False,1,5,-33.72932812470391,69.15537102796901,0.0,0.0
33,33.0,31,False,1,5,61.86405156629284,-64.0621007307992,0.0,0.0
33,33.0,32,False,1,2,18.123848241987908,-7.322510002819516,0.0,0.0
33,33.0,33,False,1,2,-81.51795992118186,-43.3438681398948,0.0,0.0
33,33.0,34,False,1,2,85.45715044246377,-31.10385906626564,0.0,0.0
33,33.0,35,False,1,1,13.284363428604443,75.33936879783873,0.0,0.0
33,33.0,36,False,1,1,62.13820321125742,55.949489476817206,0.0,0.0
34,34.0,1,True,35,0,62.555452546797234,27.511350641312607,0.3179946335705049,-0.09111003450045706
34,34.0,2,True,35,0,-28.992988839240986,-61.87630162474735,0.02584183952934871,-0.2892838181404363
34,34.0,15,True,7,2,78.36927949888741,7.142924805351631,4.188424920512183,0.5326991452153206
34,34.0,22,True,5,1,-1.655480614232524,11.386373470539006,-0.022046104731649308,1.8786656216627666
34,34.0,23,False,4,5,45.51455992981269,-42.43623440673798,3.834661084846432,-5.2263171630147
34,34.0,24,True,6,1,-76.17859655781908,39.793664023045146,-1.9801296237589143,1.140407245913037
34,34.0,26,True,5,0,-60.07657882521954,27.346720451187227,1.081937939304053,-0.41069868347801225
34,34.0,27,True,5,4,8.393354099303314,24.308867924534443,0.38845343697300727,2.206521383527383
34,34.0,28,False,2,6,63.90005933783797,-40.90628878223489,5.660421184768552,1.076888480409293
34,34.0,29,False,2,4,18.911607219094762,56.73708763949608,-7.456876016984111,3.908173407036669
34,34.0,30,False,1,6,-33.72932812470391,69.15537102796901,0.0,0.0
34,34.0,31,False,1,6,61.86405156629284,-64.0621007307992,0.0,0.0
34,34.0,32,False,2,0,-0.18821646335615583,-7.278671566745092,-5.204396744237688,0.012459141972757446
34,34.0,33,False,1,3,-81.51795992118186,-43.3438681398948,0.0,0.0
34,34.0,34,False,1,3,85.45715044246377,-31.10385906626564,0.0,0.0
34,34.0,35,False,1,2,13.284363428604443,75.33936879783873,0.0,0.0
34,34.0,36,False,1,2,62.13820321125742,55.949489476817206,0.0,0.0
34,34.0,37,False,1,0,37.216116157409296,92.11311983641755,0.0,0.0
35,35.0,1,True,36,0,62.807907748735964,27.561469917970957,0.30645386867951413,-0.06624112375131277
35,35.0,2,True,36,0,-28.972055255893405,-62.165431973322455,0.024977550212090624,-0.2892567938570806
35,35.0,15,True,7,3,82.55770441939958,7.675623950566952,4.188424920512183,0.5326991452153206
35,35.0,22,True,5,2,-1.6775267189641734,13.265039092201773,-0.022046104731649308,1.8786656216627666
35,35.0,23,False,4,6,49.34922101465912,-47.66255156975268,3.834661084846432,-5.2263171630147
35,35.0,24,True,6,2,-78.15872618157799,40.934071268958185,-1.9801296237589143,1.140407245913037
35,35.0,26,True,6,0,-60.39973168415233,27.304319403876008,0.8909146508276009,-0.36062830675433954
35,35.0,27,True,5,5,8.781807536276322,26.515389308061827,0.38845343697300727,2.206521383527383
35,35.0,29,False,2,5,11.45473120211065,60.64526104653275,-7.456876016984111,3.908173407036669
35,35.0,30,False,2,0,-35.76706169512435,35.646111616781035,-0.28407516323227716,-4.671439129827905
35,35.0,31,False,2,0,12.066971604267948,-49.90671483605464,-6.942082038617191,1.9733657122975918
35,35.0,32,False,2,1,-5.392613207593844,-7.266212424772334,-5.204396744237688,0.012459141972757446
35,35.0,33,False,1,4,-81.51795992118186,-43.3438681398948,0.0,0.0
35,35.0,34,False,1,4,85.45715044246377,-31.10385906626564,0.0,0.0
35,35.0,35,False,1,3,13.284363428604443,75.33936879783873,0.0,0.0
35,35.0,36,False,1,3,62.13820321125742,55.949489476817206,0.0,0.0
35,35.0,37,False,1,1,37.216116157409296,92.11311983641755,0.0,0.0
36,36.0,1,True,37,0,63.047378283479325,27.645415862823,0.29465879947547485,-0.03979474129120708
36,36.0,2,True,37,0,-28.66585976480848,-62.583788603800336,0.07449710797513626,-0.311989933844171
36,36.0,15,True,7,4,86.74612933991176,8.208323095782273,4.188424920512183,0.5326991452153206
36,36.0,22,True,5,3,-1.6995728236958227,15.14370471386454,-0.022046104731649308,1.8786656216627666
36,36.0,24,True,6,3,-80.1388558053369,42.074478514871224,-1.9801296237589143,1.140407245913037
36,36.0,26,True,7,0,-60.65449771598509,27.301721421556543,0.7179979006215508,-0.3065910508998224
36,36.0,27,True,5,6,9.170260973249329,28.721910691589212,0.38845343697300727,2.206521383527383
36,36.0,29,False,2,6,3.9978551851265394,64.55343445356942,-7.456876016984111,3.908173407036669
36,36.0,30,False,2,1,-36.05113685835663,30.97467248695313,-0.28407516323227716,-4.671439129827905
36,36.0,31,False,3,0,9.190184617179934,-42.33414772926108,-6.358378330693215,2.7773109546364028
36,36.0,32,False,2,2,-10.597009951831533,-7.253753282799576,-5.204396744237688,0.012459141972757446
36,36.0,33,False,1,5,-81.51795992118186,-43.3438681398948,0.0,0.0
36,36.0,34,False,1,5,85.45715044246377,-31.10385906626564,0.0,0.0
36,36.0,35,False,2,0,-3.665932467784433,74.38471478072276,-3.871622044716247,-0.21805280334548663
36,36.0,36,False,1,4,62.13820321125742,55.949489476817206,0.0,0.0
36,36.0,37,False,1,2,37.216116157409296,92.11311983641755,0.0,0.0
37,37.0,1,True,38,0,63.27754819546215,27.754233798971555,0.28330294662323535,-0.013625524196623537
37,37.0,2,True,38,0,-28.44746376603449,-62.961452684585836,0.0998362740399653,-0.3235544991182586
37,37.0,15,True,7,5,90.93455426042394,8.741022240997593,4.188424920512183,0.5326991452153206
37,37.0,22,True,5,4,-1.721618928427472,17.022370335527306,-0.022046104731649308,1.8786656216627666
37,37.0,24,True,6,4,-82.11898542909582,43.21488576078426,-1.9801296237589143,1.140407245913037
37,37.0,26,True,8,0,-60.94917021553789,27.347653245044455,0.5520372015066843,-0.2488181144366867
37,37.0,30,False,2,2,-36.33521202158891,26.303233357125222,-0.28407516323227716,-4.671439129827905
37,37.0,31,False,3,1,2.831806286486719,-39.55683677462468,-6.358378330693215,2.7773109546364028
37,37.0,32,False,3,0,-3.4878591451804972,-4.027224990583203,-2.772215802019131,0.6473044375213103
37,37.0,33,False,1,6,-81.51795992118186,-43.3438681398948,0.0,0.0
37,37.0,34,False,1,6,85.45715044246377,-31.10385906626564,0.0,0.0
37,37.0,35,False,2,1,-7.53755451250068,74.16666197737727,-3.871622044716247,-0.21805280334548663
37,37.0,36,False,1,5,62.13820321125742,55.949489476817206,0.0,0.0
37,37.0,37,False,1,3,37.216116157409296,92.11311983641755,0.0,0.0
37,37.0,38,False,1,0,-17.152459443900295,-25.429566885524327,0.0,0.0
38,38.0,1,True,39,0,63.49736190752913,27.87849078873962,0.2721231071092879,0.010654251558728959
38,38.0,2,True,39,0,-28.303017837482827,-63.306548753253075,0.10769160229678221,-0.3273477609542114
38,38.0,15,True,7,6,95.12297918093611,9.273721386212912,4.188424920512183,0.5326991452153206
38,38.0,22,True,5,5,-1.7436650331591215,18.90103595719007,-0.022046104731649308,1.8786656216627666
38,38.0,24,True,6,5,-84.09911505285473,44.3552930066973,-1.9801296237589143,1.140407245913037
38,38.0,26,True,9,0,-61.30674692337505,27.43960021513275,0.3947103211858642,-0.1898793634788777
38,38.0,30,False,2,3,-36.61928718482119,21.631794227297316,-0.28407516323227716,-4.671439129827905
38,38.0,31,False,3,2,-3.526572044206496,-36.77952581998827,-6.358378330693215,2.7773109546364028
38,38.0,32,False,4,0,-3.4214745010938765,-4.608920263653332,-2.2423453037076486,0.41789184443546634
38,38.0,35,False,2,2,-11.409176557216927,73.94860917403179,-3.871622044716247,-0.21805280334548663
38,38.0,36,False,2,0,7.49957740459314,49.75277601472893,-8.778082306187708,-0.9955459163732787
38,38.0,37,False,1,4,37.216116157409296,92.11311983641755,0.0,0.0
38,38.0,38,False,1,1,-17.152459443900295,-25.429566885524327,0.0,0.0
39,39.0,1,True,40,0,63.7141548182528,28.014105776546042,0.26237998986763017,0.032658639458959374
39,39.0,2,True,40,0,-28.229189166468124,-63.61890639852811,0.10172866467537786,-0.32470814526388725
39,39.0,22,True,5,6,-1.7657111378907708,20.779701578852837,-0.022046104731649308,1.8786656216627666
39,39.0,24,True,6,6,-86.07924467661364,45.49570025261034,-1.9801296237589143,1.140407245913037
39,39.0,26,True,10,0,-61.726809005395474,27.572851845707902,0.2495726223774814,-0.13231913106782356
39,39.0,30,False,3,0,-27.031281679476404,16.199370995339653,0.9351584069163719,-4.765423102894422
39,39.0,31,False,3,3,-9.884950374899711,-34.00221486535187,-6.358378330693215,2.7773109546364028
39,39.0,32,True,5,0,-1.4433046740596254,-2.9136161904159357,-1.4666171397054004,0.6526794502669736
39,39.0,35,False,2,3,-15.280798601933174,73.7305563706863,-3.871622044716247,-0.21805280334548663
39,39.0,36,False,2,1,-1.2785049015945678,48.75723009835565,-8.778082306187708,-0.9955459163732787
39,39.0,37,False,1,5,37.216116157409296,92.11311983641755,0.0,0.0
39,39.0,38,False,1,2,-17.152459443900295,-25.429566885524327,0.0,0.0
40,40.0,1,True,41,0,63.929834891317945,28.156101404446066,0.2541565818442232,0.05191183581483575
40,40.0,2,True,41,0,-28.21226566318334,-63.906878357680576,0.08679528807954273,-0.3182392547753732
40,40.0,26,True,11,0,-62.18974978610922,27.73674339648964,0.121090250276887,-0.07890560806537428
40,40.0,30,False,3,1,-26.096123272560032,11.43394789244523,0.9351584069163719,-4.765423102894422
40,40.0,31,False,3,4,-16.243328705592926,-31.224903910715465,-6.358378330693215,2.7773109546364028
40,40.0,32,True,5,1,-2.909921813765026,-2.260936740148962,-1.4666171397054004,0.6526794502669736
40,40.0,35,False,2,4,-19.15242064664942,73.51250356734081,-3.871622044716247,-0.21805280334548663
40,40.0,36,False,2,2,-10.056587207782275,47.76168418198237,-8.778082306187708,-0.9955459163732787
40,40.0,37,False,1,6,37.216116157409296,92.11311983641755,0.0,0.0
40,40.0,38,False,1,3,-17.152459443900295,-25.429566885524327,0.0,0.0
40,40.0,39,False,1,0,18.733409620592788,-27.77342191065194,0.0,0.0
40,40.0,40,False,1,0,63.16950850921508,-11.13848870826758,0.0,0.0
41,41.0,1,True,42,0,64.1458007970026,28.300646754774657,0.24743157109222336,0.06822370676725252
41,41.0,2,True,42,0,-28.24087373487772,-64.17290495627283,0.0664738663782435,-0.30904510820528425
41,41.0,26,True,12,0,-62.67291018239653,27.91984560532058,0.011941397376707116,-0.03157780986156257
41,41.0,30,False,3,2,-25.16096486564366,6.668524789550808,0.9351584069163719,-4.765423102894422
41,41.0,31,False,3,5,-22.601707036286143,-28.447592956079063,-6.358378330693215,2.7773109546364028
41,41.0,32,True,5,2,-4.376538953470426,-1.6082572898819887,-1.4666171397054004,0.6526794502669736
41,41.0,35,False,2,5,-23.02404269136567,73.29445076399533,-3.871622044716247,-0.21805280334548663
41,41.0,36,False,2,3,-18.834669513969985,46.76613826560909,-8.778082306187708,-0.9955459163732787
41,41.0,38,False,1,4,-17.152459443900295,-25.429566885524327,0.0,0.0
41,41.0,39,False,1,1,18.733409620592788,-27.77342191065194,0.0,0.0
41,41.0,40,False,1,1,63.16950850921508,-11.13848870826758,0.0,0.0
41,41.0,41,False,1,0,38.194848510018865,-85.78703432720303,0.0,0.0
41,41.0,42,False,1,0,51.35307348298925,-61.20020981410689,0.0,0.0
42,42.0,1,True,43,0,64.64436279982432,27.770544226108296,0.29165321095962393,-0.03713575574130404
42,42.0,2,True,43,0,-28.3041500524154,-64.42431781839642,0.04362611405152027,-0.29889662714139037
42,42.0,26,True,13,0,-63.15238194022088,28.110157055292824,-0.07650284433371632,0.00835768458334843
42,42.0,30,False,3,3,-24.225806458727288,1.9031016866563863,0.9351584069163719,-4.765423102894422
42,42.0,31,False,4,0,-37.58950023621131,-33.74780336161901,-7.381831576615031,1.8193125757948623
42,42.0,32,True,5,3,-5.843156093175827,-0.9555778396150151,-1.4666171397054004,0.6526794502669736
42,42.0,35,False,2,6,-26.895664736081915,73.07639796064984,-3.871622044716247,-0.21805280334548663
42,42.0,36,False,2,4,-27.61275182015769,45.770592349235805,-8.778082306187708,-0.9955459163732787
42,42.0,38,False,2,0,10.825808148551541,-4.810521132572312,5.289974383353799,3.8985338703295156
42,42.0,39,False,1,2,18.733409620592788,-27.77342191065194,0.0,0.0
42,42.0,40,False,1,2,63.16950850921508,-11.13848870826758,0.0,0.0
42,42.0,41,False,1,1,38.194848510018865,-85.78703432720303,0.0,0.0
42,42.0,42,False,1,1,51.35307348298925,-61.20020981410689,0.0,0.0
43,43.0,1,True,44,0,65.09694776773925,27.352922130651557,0.31999172818080035,-0.10413569965816928
43,43.0,2,True,44,0,-28.397185035273623,-64.66127026108158,0.019561424014506435,-0.28798885871100055
43,43.0,26,True,14,0,-63.61879647145056,28.30206703816224,-0.14628632641993217,0.041208504268440596
43,43.0,30,False,3,4,-23.290648051810916,-2.8623214162380357,0.9351584069163719,-4.765423102894422
43,43.0,31,False,4,1,-44.971331812826335,-31.928490785824152,-7.381831576615031,1.8193125757948623
43,43.0,32,True,6,0,-0.7327936376015831,0.4530046725271226,-0.5161991609986475,0.7619125487976819
43,43.0,36,False,2,5,-36.390834126345396,44.775046432862524,-8.778082306187708,-0.9955459163732787
43,43.0,38,False,2,1,16.11578253190534,-0.9119872622427962,5.289974383353799,3.8985338703295156
43,43.0,39,False,2,0,3.891625570703358,-11.825410351863702,-4.218122523637735,4.532518903201585
43,43.0,40,False,1,3,63.16950850921508,-11.13848870826758,0.0,0.0
43,43.0,41,False,1,2,38.194848510018865,-85.78703432720303,0.0,0.0
43,43.0,42,False,1,2,51.35307348298925,-61.20020981410689,0.0,0.0
44,44.0,1,True,45,0,65.5060753503747,27.04126662470094,0.3356876814503789,-0.1406779104442361
44,44.0,2,True,45,0,-28.510188099959457,-64.89046649092434,-0.003781887524673705,-0.27763605106746064
44,44.0,26,True,15,0,-64.06314807152954,28.490137575240233,-0.19933384379524663,0.06734595443699096
44,44.0,30,False,3,5,-22.355489644894543,-7.627744519132458,0.9351584069163719,-4.765423102894422
44,44.0,31,False,4,2,-52.35316338944136,-30.10917821002929,-7.381831576615031,1.8193125757948623
44,44.0,32,True,6,1,-1.2489927986002307,1.2149172213248045,-0.5161991609986475,0.7619125487976819
44,44.0,36,False,3,0,-63.20035775301233,44.76635862964656,-10.782106345679718,-0.8858659774718425
44,44.0,38,False,3,0,22.509775404323513,3.7046998459461826,5.48100911778548,4.022800098146045
44,44.0,39,False,2,1,-0.3264969529343773,-7.292891448662117,-4.218122523637735,4.532518903201585
44,44.0,40,False,1,4,63.16950850921508,-11.13848870826758,0.0,0.0
44,44.0,41,False,1,3,38.194848510018865,-85.78703432720303,0.0,0.0
44,44.0,42,False,1,3,51.35307348298925,-61.20020981410689,0.0,0.0
45,45.0,1,True,46,0,65.87579215191474,26.82545058419298,0.3416798760757279,-0.15390899893375162
45,45.0,2,True,46,0,-28.638269875214682,-65.11409632401441,-0.02566987984501708,-0.26812608524269355
45,45.0,26,True,16,0,-64.77349668459144,27.981357411738035,-0.28986090664818676,-0.03471568531707714
45,45.0,30,False,3,6,-21.42033123797817,-12.39316762202688,0.9351584069163719,-4.765423102894422
45,45.0,31,False,4,3,-59.73499496605639,-28.28986563423443,-7.381831576615031,1.8193125757948623
45,45.0,32,True,6,2,-1.7651919595988783,1.9768297701224864,-0.5161991609986475,0.7619125487976819
45,45.0,36,False,3,1,-73.98246409869205,43.880492652174716,-10.782106345679718,-0.8858659774718425
45,45.0,38,False,3,1,27.990784522108992,7.727499944092228,5.48100911778548,4.022800098146045
45,45.0,39,False,3,0,-5.60375242910548,-12.651753077344228,-4.465034233099692,2.226578303181236
45,45.0,40,False,2,0,34.1759935901602,-2.767710786450875,-5.481931670657301,1.5826998804994061
45,45.0,41,False,1,4,38.194848510018865,-85.78703432720303,0.0,0.0
45,45.0,42,False,1,4,51.35307348298925,-61.20020981410689,0.0,0.0
46,46.0,1,True,47,0,66.21100548807593,26.693339048041025,0.3405411818760791,-0.1500706797143982
46,46.0,2,True,47,0,-28.77650199423274,-65.3342175669702,-0.04549098518724655,-0.2596729037593083
46,46.0,26,True,17,0,-65.40394037991669,27.5851701975111,-0.3499945417389903,-0.09853745710892738
46,46.0,31,False,4,4,-67.11682654267142,-26.47055305843957,-7.381831576615031,1.8193125757948623
46,46.0,32,True,7,0,-2.7762875995070644,4.070900705845126,-0.5806156725126596,0.935308399701533
46,46.0,36,False,3,2,-84.76457044437177,42.99462667470287,-10.782106345679718,-0.8858659774718425
46,46.0,38,False,3,2,33.47179363989447,11.750300042238273,5.48100911778548,4.022800098146045
46,46.0,39,False,3,1,-10.068786662205172,-10.425174774162992,-4.465034233099692,2.226578303181236
46,46.0,40,False,2,1,28.694061919502904,-1.185010905951469,-5.481931670657301,1.5826998804994061
46,46.0,41,False,1,5,38.194848510018865,-85.78703432720303,0.0,0.0
46,46.0,42,False,2,0,55.225158847724174,-70.43035873131444,0.7321122482627554,-1.745184942749698
47,47.0,1,True,48,0,66.51697025959405,26.632022228343864,0.3344526157628727,-0.13444199706854573
47,47.0,2,True,48,0,-28.57517192450574,-65.70231706843333,-0.002028222702098896,-0.2787657622057287
47,47.0,26,True,18,0,-65.95828232514235,27.29319059764563,-0.3859978720449032,-0.13261942361261078
47,47.0,31,False,4,5,-74.49865811928645,-24.65124048264471,-7.381831576615031,1.8193125757948623
47,47.0,32,True,7,1,-3.356903272019724,5.0062091055466595,-0.5806156725126596,0.935308399701533
47,47.0,36,False,3,3,-95.54667679005149,42.10876069723103,-10.782106345679718,-0.8858659774718425
47,47.0,38,False,3,3,38.952802757679954,15.773100140384319,5.48100911778548,4.022800098146045
47,47.0,39,False,3,2,-14.533820895304864,-8.198596470981755,-4.465034233099692,2.226578303181236
47,47.0,40,False,2,2,23.212130248845604,0.39768897454793706,-5.481931670657301,1.5826998804994061
47,47.0,41,False,1,6,38.194848510018865,-85.78703432720303,0.0,0.0
47,47.0,42,False,2,1,55.95727109598693,-72.17554367406414,0.7321122482627554,-1.745184942749698
47,47.0,43,False,1,0,52.24347234296203,-21.10773295525034,0.0,0.0
47,47.0,44,False,1,0,10.72409469708322,60.819363287426725,0.0,0.0
48,48.0,1,True,49,0,66.79891027071612,26.628722293876585,0.3252056622589477,-0.1113491689070445
48,48.0,2,True,49,0,-28.441493867371662,-66.04222817684362,0.021868319250437723,-0.2895328566433898
48,48.0,26,True,19,0,-66.44319419007421,27.09410618087276,-0.4034052341137213,-0.14431625403138068
48,48.0,31,False,4,6,-81.88048969590147,-22.83192790684985,-7.381831576615031,1.8193125757948623
48,48.0,32,True,7,2,-3.9375189445323837,5.941517505248193,-0.5806156725126596,0.935308399701533
48,48.0,36,False,3,4,-106.32878313573121,41.22289471975918,-10.782106345679718,-0.8858659774718425
48,48.0,38,False,3,4,44.43381187546544,19.795900238530365,5.48100911778548,4.022800098146045
48,48.0,39,False,3,3,-18.998855128404557,-5.972018167800519,-4.465034233099692,2.226578303181236
48,48.0,40,False,2,3,17.730198578188304,1.9803888550473432,-5.481931670657301,1.5826998804994061
48,48.0,41,False,2,0,63.8577023330725,-48.150341564819875,3.5775920339212393,5.246833931185179
48,48.0,42,False,2,2,56.68938334424969,-73.92072861681385,0.7321122482627554,-1.745184942749698
48,48.0,43,False,1,1,52.24347234296203,-21.10773295525034,0.0,0.0
48,48.0,44,False,1,1,10.72409469708322,60.819363287426725,0.0,0.0
48,48.0,45,False,1,0,-28.485917669547817,36.4603119564787,0.0,0.0
49,49.0,1,True,50,0,67.06175383219166,26.671423478316516,0.3142243092884972,-0.08422241589400976
49,49.0,2,True,50,0,-28.357596320660925,-66.36046270641374,0.03279105650060822,-0.2945869391276458
49,49.0,26,True,20,0,-66.866871463366,26.975296440588714,-0.40697114955111907,-0.13982957805730273
49,49.0,32,True,7,3,-4.518134617045043,6.876825904949726,-0.5806156725126596,0.935308399701533
49,49.0,36,False,3,5,-117.11088948141094,40.33702874228734,-10.782106345679718,-0.8858659774718425
49,49.0,38,False,3,5,49.91482099325092,23.81870033667641,5.48100911778548,4.022800098146045
49,49.0,39,False,3,4,-23.46388936150425,-3.7454398646192826,-4.465034233099692,2.226578303181236
49,49.0,40,False,2,4,12.248266907531004,3.5630887355467493,-5.481931670657301,1.5826998804994061
49,49.0,41,False,2,1,67.43529436699374,-42.903507633634696,3.5775920339212393,5.246833931185179
49,49.0,42,False,2,3,57.42149559251245,-75.66591355956355,0.7321122482627554,-1.745184942749698
49,49.0,43,False,1,2,52.24347234296203,-21.10773295525034,0.0,0.0
49,49.0,44,False,1,2,10.72409469708322,60.819363287426725,0.0,0.0
49,49.0,45,False,1,1,-28.485917669547817,36.4603119564787,0.0,0.0
49,49.0,46,False,1,0,-19.855374262116495,-29.436802896226375,0.0,0.0
49,49.0,47,False,1,0,18.835203841141794,-57.96879678122219,0.0,0.0
50,50.0,1,True,51,0,67.309963499441,26.749274816159712,0.30259977957687917,-0.05568282062248675
50,50.0,2,True,51,0,-27.970534925064925,-66.80333694915934,0.09517458166336527,-0.3206988760179591
50,50.0,26,True,21,0,-67.23812785026705,26.923893033242777,-0.4006890900790445,-0.12427582879290514
50,50.0,32,True,7,4,-5.098750289557703,7.812134304651259,-0.5806156725126596,0.935308399701533
50,50.0,36,False,3,6,-127.89299582709066,39.45116276481549,-10.782106345679718,-0.8858659774718425
50,50.0,38,False,3,6,55.3958301110364,27.841500434822457,5.48100911778548,4.022800098146045
50,50.0,39,False,3,5,-27.928923594603944,-1.5188615614380465,-4.465034233099692,2.226578303181236
50,50.0,40,False,3,0,20.792306477549644,-1.183119330227271,-3.6919329464971042,0.7750027196566032
50,50.0,41,False,2,2,71.01288640091498,-37.65667370244952,3.5775920339212393,5.246833931185179
50,50.0,42,False,2,4,58.15360784077521,-77.41109850231325,0.7321122482627554,-1.745184942749698
50,50.0,43,False,1,3,52.24347234296203,-21.10773295525034,0.0,0.0
50,50.0,44,False,1,3,10.72409469708322,60.819363287426725,0.0,0.0
50,50.0,45,False,1,2,-28.485917669547817,36.4603119564787,0.0,0.0
50,50.0,46,False,1,1,-19.855374262116495,-29.436802896226375,0.0,0.0
50,50.0,47,False,2,0,10.417180688091893,-52.944811307568024,-3.2458683869417637,1.9371763808324154
51,51.0,1,True,52,0,67.54744086016413,26.852812051499566,0.29113236143922633,-0.027645733091673074
51,51.0,2,True,52,0,-27.682745579648103,-67.20432387402433,0.12909214913589515,-0.3348368125963435
51,51.0,26,True,22,0,-67.56578156463807,26.92747581301123,-0.3878403100364706,-0.10178224781206197
51,51.0,32,True,7,5,-5.679365962070363,8.747442704352792,-0.5806156725126596,0.935308399701533
51,51.0,39,False,3,6,-32.39395782770364,0.7077167417431895,-4.465034233099692,2.226578303181236
51,51.0,40,False,3,1,17.10037353105254,-0.4081166105706677,-3.6919329464971042,0.7750027196566032
51,51.0,41,False,2,3,74.59047843483621,-32.40983977126434,3.5775920339212393,5.246833931185179
51,51.0,42,False,2,5,58.88572008903797,-79.15628344506295,0.7321122482627554,-1.745184942749698
51,51.0,43,False,1,4,52.24347234296203,-21.10773295525034,0.0,0.0
51,51.0,44,False,1,4,10.72409469708322,60.819363287426725,0.0,0.0
51,51.0,45,False,1,3,-28.485917669547817,36.4603119564787,0.0,0.0
51,51.0,46,False,2,0,-29.52769772199965,-46.73566658849262,-3.4663195927461063,-6.199481479031421
51,51.0,47,False,2,1,7.171312301150129,-51.007634926735605,-3.2458683869417637,1.9371763808324154
51,51.0,48,False,1,0,94.5592,0.0,0.0,0.0
52,52.0,1,True,53,0,67.77748903247465,26.974040889607473,0.28037603574046865,-0.0014303834418427225
52,52.0,2,True,53,0,-27.484323347534957,-67.56758084955428,0.14130049574509387,-0.3398413241284755
52,52.0,26,True,23,0,-67.85823662259214,26.974528810953334,-0.37105545577742555,-0.07559184778633544
52,52.0,32,True,8,0,-1.530451343164609,5.236375267327756,-0.06285345809789444,0.4485443327663744
52,52.0,40,False,3,2,13.408440584555436,0.36688610908593544,-3.6919329464971042,0.7750027196566032
52,52.0,41,False,2,4,78.16807046875745,-27.16300584007916,3.5775920339212393,5.246833931185179
52,52.0,42,False,2,6,59.617832337300726,-80.90146838781266,0.7321122482627554,-1.745184942749698
52,52.0,43,False,1,5,52.24347234296203,-21.10773295525034,0.0,0.0
52,52.0,44,False,1,5,10.72409469708322,60.819363287426725,0.0,0.0
52,52.0,45,False,1,4,-28.485917669547817,36.4603119564787,0.0,0.0
52,52.0,46,False,2,1,-32.994017314745754,-52.93514806752404,-3.4663195927461063,-6.199481479031421
52,52.0,47,False,3,0,-0.5554332397209754,-31.31801609405494,-4.788206152760918,8.047645712714594
52,52.0,48,False,1,1,94.5592,0.0,0.0,0.0
53,53.0,1,True,54,0,68.00281766987447,27.106418479097087,0.2706827295026047,0.02213188648899245
53,53.0,2,True,54,0,-27.365081908544504,-67.89758251649704,0.13741611248836028,-0.33810865713145494
53,53.0,26,True,24,0,-68.1232027416522,27.054726987758972,-0.352382483445368,-0.048170969224652846
53,53.0,32,True,8,1,-1.5933048012625033,5.684919600094131,-0.06285345809789444,0.4485443327663744
53,53.0,40,False,4,0,9.515558011205709,-5.414813275435303,-3.716685548817076,-0.03263968434876552
53,53.0,41,False,3,0,80.44495017427754,-30.128359399932698,3.4278786916666864,4.301602607041648
53,53.0,43,False,1,6,52.24347234296203,-21.10773295525034,0.0,0.0
53,53.0,44,False,1,6,10.72409469708322,60.819363287426725,0.0,0.0
53,53.0,45,False,1,5,-28.485917669547817,36.4603119564787,0.0,0.0
53,53.0,46,False,2,2,-36.46033690749186,-59.13462954655546,-3.4663195927461063,-6.199481479031421
53,53.0,47,False,3,1,-5.343639392481894,-23.270370381340346,-4.788206152760918,8.047645712714594
53,53.0,48,False,1,2,94.5592,0.0,0.0,0.0
54,54.0,1,True,55,0,68.22557756568054,27.24476436972814,0.2622439890694066,0.042596031448936145
54,54.0,2,True,55,0,-27.31191614667396,-68.19973816732806,0.122580453045274,-0.3317776857643699
54,54.0,26,True,25,0,-68.36752166680839,27.159094009014744,-0.33335826734229895,-0.021317182982837343
54,54.0,32,True,8,2,-1.6561582593603976,6.133463932860505,-0.06285345809789444,0.4485443327663744
54,54.0,40,False,4,1,5.798872462388633,-5.447452959784068,-3.716685548817076,-0.03263968434876552
54,54.0,41,False,3,1,83.87282886594423,-25.82675679289105,3.4278786916666864,4.301602607041648
54,54.0,45,False,2,0,-24.14066615536248,25.279363279836765,0.6980954383364695,-1.796298612855164
54,54.0,46,False,2,3,-39.92665650023796,-65.33411102558688,-3.4663195927461063,-6.199481479031421
54,54.0,47,False,4,0,-8.209155190706678,-10.678598494088831,-4.3263807645143135,9.139133392904977
54,54.0,48,False,1,3,94.5592,0.0,0.0,0.0
55,55.0,1,True,56,0,68.44741423874957,27.38512659027709,0.25512865747272884,0.05981169740367769
55,55.0,2,True,56,0,-27.316012947324353,-68.4781829727581,0.10027383248693617,-0.3223862892018972
55,55.0,26,True,26,0,-68.59707908424672,27.280057531611536,-0.31508191506761457,0.003734368131333956
55,55.0,32,True,8,3,-1.719011717458292,6.58200826562688,-0.06285345809789444,0.4485443327663744
55,55.0,40,True,5,0,2.747006868695826,-2.520758929258321,-3.6299496813990455,0.35345037621670505
55,55.0,41,False,3,2,87.30070755761092,-21.525154185849402,3.4278786916666864,4.301602607041648
55,55.0,45,False,2,1,-23.442570717026012,23.4830646669816,0.6980954383364695,-1.796298612855164
55,55.0,46,False,2,4,-43.392976092984064,-71.5335925046183,-3.4663195927461063,-6.199481479031421
55,55.0,47,False,4,1,-12.535535955220992,-1.539465101183854,-4.3263807645143135,9.139133392904977
55,55.0,48,False,1,4,94.5592,0.0,0.0,0.0
55,55.0,49,False,1,0,-12.213199999999995,-21.153882923000214,0.0,0.0
56,56.0,1,True,57,0,68.66953204676054,27.524623213090255,0.24931577099646207,0.0738434303892715
56,56.0,2,True,57,0,-27.363791284834196,-68.7383431618163,0.07420329898694245,-0.31142888392775814
56,56.0,26,True,27,0,-68.81678527331101,27.411423824259302,-0.29828750716905283,0.026208667316567437
56,56.0,32,True,9,0,10.921196609697114,6.234999053415288,1.3767779548332175,0.35838466154848403
56,56.0,40,True,5,1,-0.8829428127032193,-2.167308553041616,-3.6299496813990455,0.35345037621670505
56,56.0,41,False,3,3,90.72858624927761,-17.223551578807754,3.4278786916666864,4.301602607041648
56,56.0,45,False,2,2,-22.744475278689542,21.686766054126437,0.6980954383364695,-1.796298612855164
56,56.0,46,False,2,5,-46.85929568573017,-77.73307398364972,-3.4663195927461063,-6.199481479031421
56,56.0,47,False,4,2,-16.861916719735305,7.599668291721123,-4.3263807645143135,9.139133392904977
56,56.0,48,False,2,0,53.18488830137976,-17.422684365371097,-7.822823492961533,-3.294183733053468
56,56.0,49,False,1,1,-12.213199999999995,-21.153882923000214,0.0,0.0
57,57.0,1,True,58,0,69.16901410638337,26.941614532969616,0.2933675982219207,-0.041821777116267264
57,57.0,2,True,58,0,-27.447509244894214,-68.98379426310059,0.046394915783267585,-0.2998108441923179
57,57.0,26,True,28,0,-69.03060871667844,27.548292205465476,-0.28341380546737954,0.04569529276064191
57,57.0,32,True,10,0,13.850908662227301,0.4673319523212287,1.5661417753227769,-0.3886222900093258
57,57.0,40,True,5,2,-4.512892494102265,-1.813858176824911,-3.6299496813990455,0.35345037621670505
57,57.0,41,False,3,4,94.1564649409443,-12.921948971766106,3.4278786916666864,4.301602607041648
57,57.0,45,False,2,3,-22.046379840353072,19.890467441271273,0.6980954383364695,-1.796298612855164
57,57.0,46,False,2,6,-50.32561527847627,-83.93255546268114,-3.4663195927461063,-6.199481479031421
57,57.0,47,False,4,3,-21.188297484249617,16.7388016846261,-4.3263807645143135,9.139133392904977
57,57.0,48,False,2,1,45.362064808418225,-20.716868098424566,-7.822823492961533,-3.294183733053468
57,57.0,49,False,1,2,-12.213199999999995,-21.153882923000214,0.0,0.0
57,57.0,50,False,1,0,-3.617771925078804,34.42080060745408,0.0,0.0
58,58.0,1,True,59,0,69.62733694731313,26.478626721379072,0.32241459688392815,-0.1159849806558211
58,58.0,2,True,59,0,-27.553420468322262,-69.22438750710091,0.019575300054396925,-0.28938320621423297
58,58.0,26,True,29,0,-69.24584033701714,27.68862261854471,-0.2714070447081143,0.062360368057731756
58,58.0,32,True,11,0,13.356906228767208,-1.1280806143974988,1.2843391220162999,-0.5536965117610564
58,58.0,40,True,5,3,-8.142842175501311,-1.460407800608206,-3.6299496813990455,0.35345037621670505
58,58.0,41,False,3,5,97.584343632611,-8.620346364724458,3.4278786916666864,4.301602607041648
58,58.0,45,False,2,4,-21.348284402016603,18.09416882841611,0.6980954383364695,-1.796298612855164
58,58.0,47,False,4,4,-25.51467824876393,25.877935077531077,-4.3263807645143135,9.139133392904977
58,58.0,48,False,2,2,37.53924131545669,-24.011051831478035,-7.822823492961533,-3.294183733053468
58,58.0,49,False,1,3,-12.213199999999995,-21.153882923000214,0.0,0.0
58,58.0,50,False,1,1,-3.617771925078804,34.42080060745408,0.0,0.0
58,58.0,51,False,1,0,81.9608464337599,43.579355075788214,0.0,0.0
59,59.0,1,True,60,0,70.04195480688072,26.127563896577016,0.3386506861559415,-0.15737988092659827
59,59.0,2,True,60,0,-27.67688548887303,-69.45693727372274,-0.0056126959800882545,-0.27937539551426027
59,59.0,26,True,30,0,-69.45988220841886,27.827709337282393,-0.2613051319845117,0.07587175229132642
59,59.0,32,True,11,1,14.641245350783509,-1.6817771261585552,1.2843391220162999,-0.5536965117610564
59,59.0,40,True,5,4,-11.772791856900357,-1.106957424391501,-3.6299496813990455,0.35345037621670505
59,59.0,41,False,3,6,101.01222232427769,-4.31874375768281,3.4278786916666864,4.301602607041648
59,59.0,45,False,2,5,-20.650188963680133,16.297870215560945,0.6980954383364695,-1.796298612855164
59,59.0,47,False,4,5,-29.84105901327824,35.01706847043606,-4.3263807645143135,9.139133392904977
59,59.0,48,False,2,3,29.71641782249516,-27.305235564531504,-7.822823492961533,-3.294183733053468
59,59.0,49,False,2,0,2.0711230971105206,-45.82521668128581,3.262686417669234,-5.635186561638726
59,59.0,50,False,1,2,-3.617771925078804,34.42080060745408,0.0,0.0
59,59.0,51,False,1,1,81.9608464337599,43.579355075788214,0.0,0.0
59,59.0,52,False,1,0,-39.62720353785578,-41.035170514198555,0.0,0.0
